CODIGO_ALIADO;MEDIO_DE_VENTA;CODIGO_CAMPAÑA;GESTOR_DE_VENTA;NACIONALIDAD_CLIENTE;N_CEDULA;APELLD1;APELLD2;APELLCASADA;NOMB1;NOMB2;CD_SEXO;CD_EDO_CIVIL;FECHA_DE_NACIMIENTO;CD_ESTADO_HAB;CD_CIUDAD_HAB;MUNICIPIO_HAB;PARROQUIA_HAB;CD_URBANIZSECTOR_HAB;CODIGO_POSTAL_HAB;DI_AV_CALLE_HAB;DI_CASA_HAB;EMAIL_PERSOL_TOMADOR;EMAIL_TRABAJO_U_OFICI_TOMADOR;CD_AREA_NUM_TELEFONO_HABITACION_TOMADOR;NUM_TELEFONO_HAB_TOMADOR;CD_ÁREA_NUM_TELEFONO_TRAB_OFIC_TOMADOR;NUM_TELEFONO_TRAB_OFIC_TOMADOR;NUM_CELULAR_PERS_TOMADOR;NUM_CELULAR_TRAB_TOMADOR;SUC_EMITE_PÓLIZA;COD_PRODUCTO_VENTA_CLIENTE;FECHA_SOLICITUD_POLIZA;FREC_PAGO_POLIZA_CLIENTE;CAL_VENTA_PÓLIZA;CODIGO_PRODUCTOR;CD_PROFESION_OCUPACION_CLIENTE;SUMA_ASEG_POLIZA_CLIENTE;INDICARDOR_RECIBO_PRIMA_DOMICILIADOI;CD_BANCO_DOMICILIAR_RECIBO;NUM_CUENTA_ASOCIAR_INST_BANCARIO_SINENCRIPTAR;TIPO_CUENTA_DOMICILIAR;TIPO_TDC_DOMICIILIAR;FECHA_VENCIMIENTO_TDC_DOMICILIAR
6;TLM;LVCANC;2;V;14199012;BLANCA;DIAZ;;RICHARD;JOSE;M;S;1979-11-17;1;34;1;21;2748;1030;SEC  PETARE SECTOR LOS AGUACATICOS CASA 04 MANZ 64 MUNICIPIO SUCRE   CARACAS MIRANDA ZP1073;casa;RICHARD.BLANCO.17@GMAIL.COM;RICHARDBLANCO_17@HOTMAIL.COM;212;9107394;212;2421811;4241626248;;1;480001;;M;12;35000;58;50000;S;4;01051122558899665515;C;;
6;TLM;LVCANC;2;V;14199112;ZARATE;GONZALEZ;;ANA;ROCIO;F;S;1971-01-21;1;34;1;21;2748;1030;URB  SABANA GRANDE AV  CASANOVA CRUCE CON CALLE EL RECREO EDF  MEDITERRANEO P  2 APTO  7 MUNICIPIO LIBERTADOR   CARACAS DTTO CAPITAL ZP1050;casa;ANROZAGO22@GMAIL.COM;ANROZAGO22@GMAIL.COM;245;5717467;;;4244514480;;1;480001;;M;12;35000;58;50000;S;4;01051122558899665515;A;;
6;TLM;LVCANC;2;V;14199171;PABON;PULIDO;;ROSSY;DAYANA;F;S;1979-12-11;1;34;1;21;2748;1030;SEC  CENTRO CALLE PPAL SEC MADOSA CASA S N PARROQUIA CHARALLAVE MUNICIPIO CRISTOBAL ROJAS   CHARALLAVE MIRANDA ZP 1210;casa;ROSSY11DAYANA@HOTMAIL.COM;ROSSY11DAYANA@HOTMAIL.COM;212;4342586;212;9781148;4125636119;;1;480001;;M;12;35000;58;50000;S;4;01051122558899665515;C;;
6;TLM;LVCANC;2;V;14199190;ZITELLA;BERRIOS;;RUMANO;MANUEL;M;S;1980-03-28;1;34;1;21;2748;1030;SEC  PUNTA BRAVA CALLE VICTOR BAPTISTA CONJUNTO RESIDENCIAL PARQUE RESD  LA QUINTA   TERRAZA 3  EDIF 3A P  2 APTO  22 PARROQUIA LOS TEQUES MUNICIPIO G;casa;RUMANOZITELLA@GMAIL.COM;RUMANOZITELLA@GMAIL.COM;212;3226436;212;6314430;4142102151;;1;480001;;M;12;35000;58;50000;S;4;01051122558899665515;C;;
6;TLM;LVCANC;2;V;14199201;RUIZ;CRUZ;;WILSON;RODRIGO;M;S;1966-07-02;14;15361;159;554;8722;5111;URB  SANTA MONICA CALLE PRINCIPAL BLOQUE 8 EDF  01P  PB APTO  00 03 PARROQUIA DOMINGO PENA MUNICIPIOLIBERTADOR   MERIDA MERIDA ZP 5101;casa;WILSON-RUIZ-431@HOTMAIL.COM;WILSON-RUIZ-431@HOTMAIL.COM;212;3441631;;;4242371334;;1;480001;;M;12;35000;58;50000;S;4;01051122558899665515;C;;
6;TLM;LVCANC;2;V;14199243;VILORIA;GARCIA;;EMILYS;RICHARD;M;S;1980-03-11;1;34;1;21;2748;1030;SEC  CENTRO SECTOR LA CRUZ CASA S N PARROQUIA NO TIENE PARROQUIA MUNICIPIO BOLIVAR   SAN MATEO ARAGUA ZP 2120;casa;VILORIA812@OUTLOOK.COM;VILORIA812@OUTLOOK.COM;212;8391232;;;4167182947;;1;480001;;M;12;35000;58;50000;S;4;01051122558899665515;A;;
6;TLM;LVCANC;2;V;14199398;YANEZ;GALINDO;;ADRIANA;VALENTINA;F;C;1980-09-16;1;34;1;21;2748;1030;URB  SAN MARTIN ESQ  SAN PEDRO A ESQUINA RIO CONJUNTO RESIDENCIAL SAN JUAN TORRE A P  01 APTO  12 PARROQUIA SAN JUAN MUNICIPIO LIBERTADOR   CARACAS DT;casa;VALENTINA.YANEZ@GMAIL.COM;VALENTINA.YANEZ@GMAIL.COM;212;4431197;212;5523607;4142832799;;1;480001;;M;12;35000;58;50000;S;4;01051122558899665515;C;;
6;TLM;LVCANC;2;V;14199437;QUINTERO;DAVILA;;ENDER;OMAR;M;S;1979-08-28;23;297;326;1079;13662;4001;URB  LAS LOMAS CALLE 80A CASA 70B 54 PARROQUIA RAUL LEONI MUNICIPIO MARACAIBO   MARACAIBO ZULIA ZP 4005;casa;PRETENDER282@HOTMAIL.COM;PRETENDER282@HOTMAIL.COM;212;4337866;212;5783022;4245659749;;1;480001;;M;12;35000;58;50000;S;4;01051122558899665515;C;;
